Id,Pred
2016_1112_1114,0.968277107300229
2016_1112_1122,0.9599491393084223
2016_1112_1124,0.6977928317807021
2016_1112_1138,0.9061047298079852
2016_1112_1139,0.7613987467340046
2016_1112_1143,0.7375267792750264
2016_1112_1151,0.9818186509082008
2016_1112_1153,0.6269314833662192
2016_1112_1160,0.8010036918151324
2016_1112_1163,0.607802292400708
2016_1112_1167,0.9941540227279444
2016_1112_1173,0.8538547638062219
2016_1112_1181,0.3675712583913886
2016_1112_1192,0.9826511775214745
2016_1112_1195,0.9865934080922057
2016_1112_1201,0.8929416752909569
2016_1112_1211,0.4736791942177992
2016_1112_1214,0.9879861393699996
2016_1112_1218,0.7396160392017078
2016_1112_1221,0.9643110681822906
2016_1112_1231,0.7073429096635844
2016_1112_1233,0.8640829355727913
2016_1112_1234,0.7660278967757099
2016_1112_1235,0.6761678125157431
2016_1112_1242,0.4165202131513179
2016_1112_1246,0.5657876689625141
2016_1112_1268,0.6972958813682918
2016_1112_1274,0.6193298794929929
2016_1112_1276,0.7648297958100345
2016_1112_1277,0.49655225865263414
2016_1112_1292,0.8961425941368092
2016_1112_1314,0.4263605609548814
2016_1112_1320,0.7113804076196196
2016_1112_1323,0.5364100183296892
2016_1112_1328,0.6585022710970487
2016_1112_1332,0.6641432794787198
2016_1112_1333,0.8596552511291193
2016_1112_1338,0.5144904891389849
2016_1112_1344,0.7637091488672585
2016_1112_1345,0.7345835276276474
2016_1112_1355,0.9344476485835992
2016_1112_1371,0.8087481545698527
2016_1112_1372,0.882495755140426
2016_1112_1380,0.9944434463187581
2016_1112_1386,0.8423524817407158
2016_1112_1392,0.9323849620587916
2016_1112_1393,0.4942526110540045
2016_1112_1396,0.7666796505538458
2016_1112_1400,0.6584473921669445
2016_1112_1401,0.7048204108096507
2016_1112_1403,0.8623747360083227
2016_1112_1409,0.848874775850489
2016_1112_1421,0.9768768455173822
2016_1112_1423,0.9626337832882159
2016_1112_1425,0.8229519452225682
2016_1112_1428,0.802583559878457
2016_1112_1433,0.7312942172235924
2016_1112_1435,0.773096683829278
2016_1112_1437,0.5249900028118595
2016_1112_1438,0.5491591899686252
2016_1112_1451,0.8631033062261304
2016_1112_1452,0.6823534558517796
2016_1112_1453,0.942314770398819
2016_1112_1455,0.672689504561464
2016_1112_1458,0.5622048987805534
2016_1112_1462,0.7071821998381189
2016_1112_1463,0.9014281007634473
2016_1114_1122,0.4709034978843004
2016_1114_1124,0.08889427924180579
2016_1114_1138,0.29909550833110154
2016_1114_1139,0.12454974348886055
2016_1114_1143,0.10907690062965081
2016_1114_1151,0.6209759407609408
2016_1114_1153,0.062029759566805676
2016_1114_1160,0.15252492849757315
2016_1114_1163,0.05612931562642466
2016_1114_1167,0.7665824077378554
2016_1114_1173,0.20686835763176262
2016_1114_1181,0.014349822633076841
2016_1114_1192,0.6070294913755452
2016_1114_1195,0.6670619117742492
2016_1114_1201,0.2700883699479466
2016_1114_1211,0.028227153402587128
2016_1114_1214,0.6703630974154424
2016_1114_1218,0.11544515138530044
2016_1114_1221,0.48546084479683116
2016_1114_1231,0.09341132222923253
2016_1114_1233,0.22986547010707
2016_1114_1234,0.12648485157043618
2016_1114_1235,0.07955203672769569
2016_1114_1242,0.01953888215998946
2016_1114_1246,0.045720506732421985
2016_1114_1268,0.0888873035159214
2016_1114_1274,0.0599322083743685
2016_1114_1276,0.12575956551960044
2016_1114_1277,0.03104864090939374
2016_1114_1292,0.2789721598346531
2016_1114_1314,0.0207582400419698
2016_1114_1320,0.09690121615173061
2016_1114_1323,0.03860894937349191
2016_1114_1328,0.07267451952013705
2016_1114_1332,0.07496583973380333
2016_1114_1333,0.21344868740447728
2016_1114_1338,0.03428714916339747
2016_1114_1344,0.12506280770497932
2016_1114_1345,0.10740824621842292
2016_1114_1355,0.37153097036222665
2016_1114_1371,0.159465419076358
2016_1114_1372,0.2600866964168825
2016_1114_1380,0.7746378324971839
2016_1114_1386,0.19317089013916267
2016_1114_1392,0.37099096402560844
2016_1114_1393,0.030660537336271693
2016_1114_1396,0.12739329148948328
2016_1114_1400,0.07263544620700266
2016_1114_1401,0.09229493176788152
2016_1114_1403,0.21682355381681487
2016_1114_1409,0.20386104891559848
2016_1114_1421,0.5811182351086593
2016_1114_1423,0.47043529737838313
2016_1114_1425,0.17231322922968195
2016_1114_1428,0.15438429741259016
2016_1114_1433,0.10758354519204474
2016_1114_1435,0.13303489690317957
2016_1114_1437,0.036325035904481474
2016_1114_1438,0.04143276257791574
2016_1114_1451,0.23864704695830524
2016_1114_1452,0.08207853849198983
2016_1114_1453,0.39160891414486276
2016_1114_1455,0.07979976165109832
2016_1114_1458,0.04435325078568498
2016_1114_1462,0.09343635292598584
2016_1114_1463,0.2939589630657008
2016_1122_1124,0.105598577615483
2016_1122_1138,0.32801529523579365
2016_1122_1139,0.14482439270799283
2016_1122_1143,0.1279460509256707
2016_1122_1151,0.6456134205816214
2016_1122_1153,0.07529856510986026
2016_1122_1160,0.1751822709755206
2016_1122_1163,0.06855020773405052
2016_1122_1167,0.7842750751022735
2016_1122_1173,0.23289987490875103
2016_1122_1181,0.01894486179344218
2016_1122_1192,0.6328529422648507
2016_1122_1195,0.6897864953770132
2016_1122_1201,0.2984208471017318
2016_1122_1211,0.03579978317160022
2016_1122_1214,0.6932877001772497
2016_1122_1218,0.13459035762266733
2016_1122_1221,0.5145798146892684
2016_1122_1231,0.1106229701382668
2016_1122_1233,0.25645922523599735
2016_1122_1234,0.14700547327642152
2016_1122_1235,0.09514698819517664
2016_1122_1242,0.025358880714520315
2016_1122_1246,0.05646833988494015
2016_1122_1268,0.10557535533696145
2016_1122_1274,0.07288068562044639
2016_1122_1276,0.14621074998484354
2016_1122_1277,0.03925453470505528
2016_1122_1292,0.30741286509411536
2016_1122_1314,0.026848165483872
2016_1122_1320,0.1143903991578744
2016_1122_1323,0.048199820388632506
2016_1122_1328,0.08740073493197037
2016_1122_1332,0.08997469711627441
2016_1122_1333,0.23985431054231449
2016_1122_1338,0.04310034191145491
2016_1122_1344,0.14544862413581078
2016_1122_1345,0.12611072764847764
2016_1122_1355,0.40132644040572524
2016_1122_1371,0.1826133639725355
2016_1122_1372,0.2877007563742517
2016_1122_1380,0.7917904249948009
2016_1122_1386,0.2184654856082226
2016_1122_1392,0.400543572524544
2016_1122_1393,0.03879135513032692
2016_1122_1396,0.1479641254867554
2016_1122_1400,0.08735796870343873
2016_1122_1401,0.10937585309515024
2016_1122_1403,0.24340372966981957
2016_1122_1409,0.22956573533405825
2016_1122_1421,0.6071789390032274
2016_1122_1423,0.5000442277444288
2016_1122_1425,0.19636114565207452
2016_1122_1428,0.17714769218897888
2016_1122_1433,0.12616909764815848
2016_1122_1435,0.15401628951506655
2016_1122_1437,0.045507673096688545
2016_1122_1438,0.05150415227811639
2016_1122_1451,0.26506596318988845
2016_1122_1452,0.0979838400381097
2016_1122_1453,0.42166446206776237
2016_1122_1455,0.09530522072754878
2016_1122_1458,0.05491881665512587
2016_1122_1462,0.110643680324281
2016_1122_1463,0.3225504728851401
2016_1124_1138,0.7908298209491363
2016_1124_1139,0.5770774113514833
2016_1124_1143,0.5469115663061324
2016_1124_1151,0.9457818814731258
2016_1124_1153,0.42300088135013464
2016_1124_1160,0.6283147383692602
2016_1124_1163,0.40336833190337723
2016_1124_1167,0.9789861749862038
2016_1124_1173,0.7041955242649024
2016_1124_1181,0.19594092921939896
2016_1124_1192,0.9461969534455739
2016_1124_1195,0.9579928713750732
2016_1124_1201,0.7676383735244484
2016_1124_1211,0.2808794325343654
2016_1124_1214,0.9609081436183097
2016_1124_1218,0.5525071794961369
2016_1124_1221,0.9030178811224171
2016_1124_1231,0.5110561353015642
2016_1124_1233,0.7229408247487819
2016_1124_1234,0.582351934124939
2016_1124_1235,0.4755926524251391
2016_1124_1242,0.2330053317384604
2016_1124_1246,0.362874158586803
2016_1124_1268,0.49958627138518863
2016_1124_1274,0.4154331882079044
2016_1124_1276,0.5808642091855069
2016_1124_1277,0.29909248634923324
2016_1124_1292,0.7737606369265984
2016_1124_1314,0.24080042895248396
2016_1124_1320,0.516785066758066
2016_1124_1323,0.3347356745292925
2016_1124_1328,0.4562262193916155
2016_1124_1332,0.46248763308311375
2016_1124_1333,0.7127715860018071
2016_1124_1338,0.31491413760481146
2016_1124_1344,0.5794630750577767
2016_1124_1345,0.5433265599682597
2016_1124_1355,0.8424864153209594
2016_1124_1371,0.6390365367663906
2016_1124_1372,0.7526542276412025
2016_1124_1380,0.9799898421453662
2016_1124_1386,0.6869818139758274
2016_1124_1392,0.8395837523367355
2016_1124_1393,0.29710244465492464
2016_1124_1396,0.5834353062032329
2016_1124_1400,0.4561514786781784
2016_1124_1401,0.5081889301306035
2016_1124_1403,0.7168930263452318
2016_1124_1409,0.6977670204335191
2016_1124_1421,0.9337225625167423
2016_1124_1423,0.8985283151345789
2016_1124_1425,0.65874483964769
2016_1124_1428,0.6307030728094088
2016_1124_1433,0.5405755842317692
2016_1124_1435,0.592312165341659
2016_1124_1437,0.32436670782827504
2016_1124_1438,0.3466505647574771
2016_1124_1451,0.7245555454619879
2016_1124_1452,0.4824663443718666
2016_1124_1453,0.8568839592404424
2016_1124_1455,0.4730176762270466
2016_1124_1458,0.35887658465424155
2016_1124_1462,0.5109390428535069
2016_1124_1463,0.7838559862367955
2016_1138_1139,0.26888924648564355
2016_1138_1143,0.24400106863749038
2016_1138_1151,0.7920937400403097
2016_1138_1153,0.15876754354037192
2016_1138_1160,0.31277063065416233
2016_1138_1163,0.14700504368011377
2016_1138_1167,0.8912714290338825
2016_1138_1173,0.389293922974735
2016_1138_1181,0.04963308284828445
2016_1138_1192,0.7859972470335796
2016_1138_1195,0.8253940563462564
2016_1138_1201,0.46731399481040503
2016_1138_1211,0.08496329888045613
2016_1138_1214,0.8300219587935063
2016_1138_1218,0.2520896343214837
2016_1138_1221,0.6866011329425143
2016_1138_1231,0.21713031766124813
2016_1138_1233,0.4158070540236603
2016_1138_1234,0.2724984102658423
2016_1138_1235,0.19227050539796134
2016_1138_1242,0.06374387142257426
2016_1138_1246,0.12491307119542151
2016_1138_1268,0.20904550860817164
2016_1138_1274,0.15444439868203255
2016_1138_1276,0.2713067467536013
2016_1138_1277,0.09235904019663198
2016_1138_1292,0.47684491045751215
2016_1138_1314,0.06691319673391859
2016_1138_1320,0.22245415083250916
2016_1138_1323,0.10971360452776296
2016_1138_1328,0.17944830393795128
2016_1138_1332,0.18367012443628222
2016_1138_1333,0.3983222205578794
2016_1138_1338,0.09990252166325843
2016_1138_1344,0.2701713948514082
2016_1138_1345,0.2412098388576985
2016_1138_1355,0.577749935198552
2016_1138_1371,0.3229539425568708
2016_1138_1372,0.4525934353917369
2016_1138_1380,0.8956897246653419
2016_1138_1386,0.3707839367183489
2016_1138_1392,0.5756192059870595
2016_1138_1393,0.09143698332175373
2016_1138_1396,0.27373126793196784
2016_1138_1400,0.17938463394698925
2016_1138_1401,0.2151242888077007
2016_1138_1403,0.40283467724640265
2016_1138_1409,0.38410583181119007
2016_1138_1421,0.7617644252710774
2016_1138_1423,0.6748521504480552
2016_1138_1425,0.3417484100022009
2016_1138_1428,0.3153220480185599
2016_1138_1433,0.24054052100719095
2016_1138_1435,0.28208777079937825
2016_1138_1437,0.10455012245020287
2016_1138_1438,0.115910448380163
2016_1138_1451,0.4233126670558687
2016_1138_1452,0.1969163126733778
2016_1138_1453,0.5994108290840721
2016_1138_1455,0.1918471737000236
2016_1138_1458,0.12229812348800871
2016_1138_1462,0.2171227988792206
2016_1138_1463,0.49271997948391744
2016_1139_1143,0.4693624279599482
2016_1139_1151,0.9218463676196663
2016_1139_1153,0.3490163393637123
2016_1139_1160,0.5525083908846066
2016_1139_1163,0.3305728967751467
2016_1139_1167,0.967419807935173
2016_1139_1173,0.6334094967681159
2016_1139_1181,0.14736279903344776
2016_1139_1192,0.921522286616948
2016_1139_1195,0.9382585874190393
2016_1139_1201,0.7043348202381661
2016_1139_1211,0.22024581819526332
2016_1139_1214,0.9418087755931809
2016_1139_1218,0.47612249777016796
2016_1139_1221,0.8655775395256926
2016_1139_1231,0.43378640256736634
2016_1139_1233,0.6551925227396784
2016_1139_1234,0.5051356919579109
2016_1139_1235,0.3991670594271186
2016_1139_1242,0.17850078429129623
2016_1139_1246,0.2934007258218207
2016_1139_1268,0.4225745299708969
2016_1139_1274,0.3419882859943276
2016_1139_1276,0.5036351115264026
2016_1139_1277,0.23581101634106474
2016_1139_1292,0.7115972337813059
2016_1139_1314,0.18515740373939837
2016_1139_1320,0.43980951807751917
2016_1139_1323,0.26763226336221685
2016_1139_1328,0.38052231311567963
2016_1139_1332,0.38657779648851287
2016_1139_1333,0.6426518907280454
2016_1139_1338,0.24986390898105043
2016_1139_1344,0.5022180382987316
2016_1139_1345,0.4657719265796894
2016_1139_1355,0.7916254414854362
2016_1139_1371,0.5637783258682697
2016_1139_1372,0.6884057661581939
2016_1139_1380,0.9689357098987639
2016_1139_1386,0.6147673321212928
2016_1139_1392,0.7886277013184186
2016_1139_1393,0.23405582431846886
2016_1139_1396,0.5063366158727026
2016_1139_1400,0.3804452266394459
2016_1139_1401,0.430988542574129
2016_1139_1403,0.6471357706498698
2016_1139_1409,0.6268683165923858
2016_1139_1421,0.905941125324928
2016_1139_1423,0.8595321174623859
2016_1139_1425,0.5845132893993392
2016_1139_1428,0.5550966632306096
2016_1139_1433,0.4634826318508958
2016_1139_1435,0.5156543328397352
2016_1139_1437,0.25832347438314485
2016_1139_1438,0.27844365907599683
2016_1139_1451,0.6582667656957646
2016_1139_1452,0.40581809259682755
2016_1139_1453,0.8085041137412596
2016_1139_1455,0.39713813224490724
2016_1139_1458,0.28954934331623483
2016_1139_1462,0.43369683182960916
2016_1139_1463,0.7235863629565671
2016_1143_1151,0.9323895163826496
2016_1143_1153,0.37752359010332903
2016_1143_1160,0.5829589432801552
2016_1143_1163,0.35850741844865164
2016_1143_1167,0.9726696923837747
2016_1143_1173,0.6623129594643746
2016_1143_1181,0.165094915834235
2016_1143_1192,0.9324263505275027
2016_1143_1195,0.9470241193732323
2016_1143_1201,0.7305668735792741
2016_1143_1211,0.24289834876214503
2016_1143_1214,0.9503287119828641
2016_1143_1218,0.506338562002957
2016_1143_1221,0.8817557080836285
2016_1143_1231,0.4640947683197376
2016_1143_1233,0.6829616437713053
2016_1143_1234,0.5358608327846164
2016_1143_1235,0.4289312257865514
2016_1143_1242,0.1986054908475873
2016_1143_1246,0.31983662321360357
2016_1143_1268,0.4527126385522111
2016_1143_1274,0.3702447621042109
2016_1143_1276,0.5343561139646127
2016_1143_1277,0.2595429445893579
2016_1143_1292,0.7373916507511871
2016_1143_1314,0.20572511397188928
2016_1143_1320,0.4700397951253441
2016_1143_1323,0.29300437022454967
2016_1143_1328,0.4098900635593731
2016_1143_1332,0.4160633964586551
2016_1143_1333,0.6713400020723879
2016_1143_1338,0.2743493420198702
2016_1143_1344,0.5329366662382471
2016_1143_1345,0.49638957395279487
2016_1143_1355,0.813130413764821
2016_1143_1371,0.5940765209082717
2016_1143_1372,0.7149200500426032
2016_1143_1380,0.9739569634030507
2016_1143_1386,0.644141237053215
2016_1143_1392,0.8101442077262208
2016_1143_1393,0.2576886502031092
2016_1143_1396,0.5370218857173343
2016_1143_1400,0.4098133760420927
2016_1143_1401,0.46125246799303526
2016_1143_1403,0.6757028252374719
2016_1143_1409,0.6557726332755995
2016_1143_1421,0.9180944291300611
2016_1143_1423,0.8763625375102826
2016_1143_1425,0.6145235380561824
2016_1143_1428,0.5854818400997731
2016_1143_1433,0.49390346316402395
2016_1143_1435,0.5462194714015383
2016_1143_1437,0.28323665531484543
2016_1143_1438,0.30430224636773195
2016_1143_1451,0.6854346537931175
2016_1143_1452,0.43571028071358675
2016_1143_1453,0.8290619824808175
2016_1143_1455,0.4266790761700353
2016_1143_1458,0.3159027795593345
2016_1143_1462,0.4639938810079306
2016_1143_1463,0.7486515417939696
2016_1151_1153,0.03690671248259997
2016_1151_1160,0.09740535425895183
2016_1151_1163,0.03318169107394248
2016_1151_1167,0.6567848912025256
2016_1151_1173,0.13649305919378502
2016_1151_1181,0.007959477036064163
2016_1151_1192,0.48243565338339706
2016_1151_1195,0.5477266551531581
2016_1151_1201,0.18475541240830123
2016_1151_1211,0.016130077144791012
2016_1151_1214,0.5490208787086335
2016_1151_1218,0.07228655226028155
2016_1151_1221,0.3666635744105822
2016_1151_1231,0.057192472229883426
2016_1151_1233,0.15450777380092415
2016_1151_1234,0.0793904321657682
2016_1151_1235,0.04812354449010171
2016_1151_1242,0.010961629045295676
2016_1151_1246,0.026737903056339753
2016_1151_1268,0.05422823199538717
2016_1151_1274,0.03559702078811182
2016_1151_1276,0.07890049982597853
2016_1151_1277,0.01777287549559571
2016_1151_1292,0.1919862563064552
2016_1151_1314,0.011674855200214817
2016_1151_1320,0.059605056571331895
2016_1151_1323,0.02234488626303543
2016_1151_1328,0.043683906731181395
2016_1151_1332,0.045168852367578505
2016_1151_1333,0.14127507611659076
2016_1151_1338,0.019723100954742993
2016_1151_1344,0.07842825161276731
2016_1151_1345,0.06649052304250457
2016_1151_1355,0.26728622214639197
2016_1151_1371,0.10230932508044577
2016_1151_1372,0.17781112041351407
2016_1151_1380,0.6667337475675784
2016_1151_1386,0.12646808003753057
2016_1151_1392,0.26748850146692404
2016_1151_1393,0.01754045061661874
2016_1151_1396,0.08004721517421988
2016_1151_1400,0.04365762943720395
2016_1151_1401,0.05646252340510955
2016_1151_1403,0.1437555041178825
2016_1151_1409,0.13455854687991184
2016_1151_1421,0.46005368198727603
2016_1151_1423,0.35216381354137055
2016_1151_1425,0.11139945278167641
2016_1151_1428,0.09875266095902192
2016_1151_1433,0.06675136166969092
2016_1151_1435,0.08401390028155059
2016_1151_1437,0.020957725406490546
2016_1151_1438,0.024075068212248026
2016_1151_1451,0.16214944388266983
2016_1151_1452,0.04976223496609826
2016_1151_1453,0.28366564642218683
2016_1151_1455,0.04839207735492952
2016_1151_1458,0.025866375969009828
2016_1151_1462,0.05721593132573425
2016_1151_1463,0.20429252196147318
2016_1153_1160,0.6989763462496011
2016_1153_1163,0.47994051164100276
2016_1153_1167,0.9866492378751226
2016_1153_1173,0.7673276887590386
2016_1153_1181,0.2540267637320557
2016_1153_1192,0.9638519466814871
2016_1153_1195,0.9719260129337934
2016_1153_1201,0.821894721738843
2016_1153_1211,0.3492518930081138
2016_1153_1214,0.9742151335553539
2016_1153_1218,0.6267403230350062
2016_1153_1221,0.9315835272837633
2016_1153_1231,0.587796729776709
2016_1153_1233,0.7827906787020438
2016_1153_1234,0.6561723609481018
2016_1153_1235,0.5529342089795288
2016_1153_1242,0.29647255286154844
2016_1153_1246,0.437582596829557
2016_1153_1268,0.5765363160489211
2016_1153_1274,0.49217827468128605
2016_1153_1276,0.6547569894095709
2016_1153_1277,0.3697296365761246
2016_1153_1292,0.8268554275568115
2016_1153_1314,0.3052499108366067
2016_1153_1320,0.5930032525898393
2016_1153_1323,0.40807895771392655
2016_1153_1328,0.5336295981434256
2016_1153_1332,0.5398423097259546
2016_1153_1333,0.7749695801542551
2016_1153_1338,0.3868412408750813
2016_1153_1344,0.653427492473863
2016_1153_1345,0.6190412925083746
2016_1153_1355,0.8837360537483907
2016_1153_1371,0.7087684529374192
2016_1153_1372,0.8083801768218997
2016_1153_1380,0.9872984480033099
2016_1153_1386,0.7520603147363535
2016_1153_1392,0.881079670865482
2016_1153_1393,0.36756188458085165
2016_1153_1396,0.6571036657500586
2016_1153_1400,0.5335604967245942
2016_1153_1401,0.5849771587156554
2016_1153_1403,0.7786081643144463
2016_1153_1409,0.7612865133893986
2016_1153_1421,0.954214586676534
2016_1153_1423,0.9283684606565746
2016_1153_1425,0.7267522170246128
2016_1153_1428,0.7010896267307523
2016_1153_1433,0.61595731845801
2016_1153_1435,0.6652172443163875
2016_1153_1437,0.39698605104179
2016_1153_1438,0.4206882790628182
2016_1153_1451,0.7831844333948398
2016_1153_1452,0.5597512655061574
2016_1153_1453,0.8955683667642208
2016_1153_1455,0.5499025036613779
2016_1153_1458,0.43361305987556037
2016_1153_1462,0.5876570819502663
2016_1153_1463,0.8350336874802867
2016_1160_1163,0.28365285585711636
2016_1160_1167,0.9576442917300343
2016_1160_1173,0.5830815665713566
2016_1160_1181,0.11838336866367595
2016_1160_1192,0.901575109436557
2016_1160_1195,0.9221658810416415
2016_1160_1201,0.6582468288889349
2016_1160_1211,0.182755434795389
2016_1160_1214,0.9261257865442603
2016_1160_1218,0.42447565034298645
2016_1160_1221,0.8364037881618214
2016_1160_1231,0.3822412097882933
2016_1160_1233,0.606720683071978
2016_1160_1234,0.4524462865361529
2016_1160_1235,0.34875395865433906
2016_1160_1242,0.14545905969464498
2016_1160_1246,0.24920529119365392
2016_1160_1268,0.37138592757440264
2016_1160_1274,0.2944578279111754
2016_1160_1276,0.4509619824015699
2016_1160_1277,0.19645525374885361
2016_1160_1292,0.6662388254714914
2016_1160_1314,0.15131641003786733
2016_1160_1320,0.3883582129122051
2016_1160_1323,0.2253662261832512
2016_1160_1328,0.330891596759249
2016_1160_1332,0.3367110860153377
2016_1160_1333,0.5926403547496574
2016_1160_1338,0.2091760805236046
2016_1160_1344,0.449557655224975
2016_1160_1345,0.4135064013968329
2016_1160_1355,0.7533694159614422
2016_1160_1371,0.5114633538569582
2016_1160_1372,0.641932328716219
2016_1160_1380,0.9595807563344455
2016_1160_1386,0.5637373386544267
2016_1160_1392,0.7503799436292413
2016_1160_1393,0.19487441810856834
2016_1160_1396,0.45370804006971516
2016_1160_1400,0.3308143620593214
2016_1160_1401,0.37953563118383304
2016_1160_1403,0.597306937782216
2016_1160_1409,0.5765830879194991
2016_1160_1421,0.8838474404249297
2016_1160_1423,0.8292075129781485
2016_1160_1425,0.532567493532453
2016_1160_1428,0.5026852347988418
2016_1160_1433,0.41156448279142693
2016_1160_1435,0.4631746468132562
2016_1160_1437,0.2168752476894549
2016_1160_1438,0.23530290232397855
2016_1160_1451,0.6108397207152367
2016_1160_1452,0.3551482030673345
2016_1160_1453,0.7718220438684373
2016_1160_1455,0.3471103990482591
2016_1160_1458,0.24551798811945805
2016_1160_1462,0.382171230437945
2016_1160_1463,0.6794464651218566
2016_1163_1167,0.9882221021554751
2016_1163_1173,0.78249016556308
2016_1163_1181,0.27029447356439174
2016_1163_1192,0.9676250773468535
2016_1163_1195,0.9748858042676303
2016_1163_1201,0.8346576953630952
2016_1163_1211,0.36783049991851446
2016_1163_1214,0.9770200790819376
2016_1163_1218,0.6454047318025755
2016_1163_1221,0.9379018174579473
2016_1163_1231,0.6073033948492474
2016_1163_1233,0.7971013352552713
2016_1163_1234,0.6745637585290256
2016_1163_1235,0.5727882977009853
2016_1163_1242,0.3140043525018912
2016_1163_1246,0.4573833622538437
2016_1163_1268,0.5961590743183568
2016_1163_1274,0.5122145794835992
2016_1163_1276,0.6731744296612543
2016_1163_1277,0.38881727480537354
2016_1163_1292,0.839324388722792
2016_1163_1314,0.3230040747518236
2016_1163_1320,0.6123496930039818
2016_1163_1323,0.4276815374651446
2016_1163_1328,0.553607064844271
2016_1163_1332,0.5597726291131214
2016_1163_1333,0.7898639094187971
2016_1163_1338,0.40618179158005135
2016_1163_1344,0.6718702774743948
2016_1163_1345,0.6381143279545015
2016_1163_1355,0.8931620843569681
2016_1163_1371,0.7258569923478833
2016_1163_1372,0.8215778491961893
2016_1163_1380,0.9887971462147666
2016_1163_1386,0.7677762515485673
2016_1163_1392,0.8905852116073683
2016_1163_1393,0.3866134353818889
2016_1163_1396,0.6754527508820114
2016_1163_1400,0.5535398072448048
2016_1163_1401,0.6045116968778539
2016_1163_1403,0.7933662633820056
2016_1163_1409,0.7765817223367518
2016_1163_1421,0.9586703427956471
2016_1163_1423,0.9349768609590442
2016_1163_1425,0.743318496916506
2016_1163_1428,0.7183820434855519
2016_1163_1433,0.6349659528739172
2016_1163_1435,0.6833334217505411
2016_1163_1437,0.416456169096865
2016_1163_1438,0.4404058476611491
2016_1163_1451,0.7972204181032883
2016_1163_1452,0.5795528597120543
2016_1163_1453,0.9043396831924865
2016_1163_1455,0.5696563951047338
2016_1163_1458,0.4534449584289099
2016_1163_1462,0.6071588753207433
2016_1163_1463,0.8470185028221057
2016_1167_1173,0.06392734767200518
2016_1167_1181,0.002259726680953726
2016_1167_1192,0.3230489543369291
2016_1167_1195,0.38867820240651546
2016_1167_1201,0.09348281205922747
2016_1167_1211,0.005132091788693681
2016_1167_1214,0.3873484680091201
2016_1167_1218,0.02999091623967181
2016_1167_1221,0.22449522507930908
2016_1167_1231,0.022393967542124204
2016_1167_1233,0.07540853227916203
2016_1167_1234,0.03311481695664689
2016_1167_1235,0.018242071028089873
2016_1167_1242,0.003259793642705587
2016_1167_1246,0.009182987869960683
2016_1167_1268,0.021033014126259027
2016_1167_1274,0.01281220804727809
2016_1167_1276,0.03287513394415039
2016_1167_1277,0.0056904067702504045
2016_1167_1292,0.09838299979678562
2016_1167_1314,0.003505643088152368
2016_1167_1320,0.023627572720937143
2016_1167_1323,0.007423467300328526
2016_1167_1328,0.016269335197186933
2016_1167_1332,0.0169349296198901
2016_1167_1333,0.0666147379697259
2016_1167_1338,0.006421300459968036
2016_1167_1344,0.03264250725900423
2016_1167_1345,0.026789454582942768
2016_1167_1355,0.1495477533655849
2016_1167_1371,0.044974051876571226
2016_1167_1372,0.08994376340880864
2016_1167_1380,0.511604482272628
2016_1167_1386,0.05822067219667481
2016_1167_1392,0.15038568613274717
2016_1167_1393,0.005604614539354165
2016_1167_1396,0.03347939289782389
2016_1167_1400,0.016256619034260237
2016_1167_1401,0.022060368380460826
2016_1167_1403,0.06803692362707528
2016_1167_1409,0.06309500708886591
2016_1167_1421,0.30671617141227986
2016_1167_1423,0.21200944049177603
2016_1167_1425,0.0498398772237171
2016_1167_1428,0.043108156568008135
2016_1167_1433,0.02705711913453928
2016_1167_1435,0.03557719676890878
2016_1167_1437,0.006891565023698097
2016_1167_1438,0.00810223095474183
2016_1167_1451,0.08105255744968387
2016_1167_1452,0.018977919510870904
2016_1167_1453,0.16070879796682813
2016_1167_1455,0.018469666141899405
2016_1167_1458,0.008806888151177552
2016_1167_1462,0.0224117658158179
2016_1167_1463,0.10684585488345191
2016_1173_1181,0.08224051101222342
2016_1173_1192,0.8608154455668995
2016_1173_1195,0.8887244724715354
2016_1173_1201,0.5791141703638748
2016_1173_1211,0.13325301109108545
2016_1173_1214,0.8931957134264972
2016_1173_1218,0.3457906354503322
2016_1173_1221,0.7803426975594279
2016_1173_1231,0.3054738571822064
2016_1173_1233,0.525778663098614
2016_1173_1234,0.3710687195525611
2016_1173_1235,0.2750128929510599
2016_1173_1242,0.10319373094931013
2016_1173_1246,0.18817501651300028
2016_1173_1268,0.29558529932003097
2016_1173_1274,0.2270127654382225
2016_1173_1276,0.36967067050217267
2016_1173_1277,0.1440384207937412
2016_1173_1292,0.5880480723129164
2016_1173_1314,0.10780691518988816
2016_1173_1320,0.31145853265193524
2016_1173_1323,0.16792756127946087
2016_1173_1328,0.25900640053175095
2016_1173_1332,0.2642462145272946
2016_1173_1333,0.5096655065829174
2016_1173_1338,0.15449119660255922
2016_1173_1344,0.36834395059798375
2016_1173_1345,0.3343823298940036
2016_1173_1355,0.6840254090145017
2016_1173_1371,0.428204857759199
2016_1173_1372,0.5629064520297936
2016_1173_1380,0.9388838793799733
2016_1173_1386,0.4803321184569213
2016_1173_1392,0.6812501823494889
2016_1173_1393,0.1427492761219585
2016_1173_1396,0.3723690197400269
2016_1173_1400,0.2589325481807646
2016_1173_1401,0.30301404056537623
2016_1173_1403,0.5144322746499949
2016_1173_1409,0.49386582624349484
2016_1173_1421,0.8398370696903698
2016_1173_1423,0.7711684913550281
2016_1173_1425,0.4490052268697523
2016_1173_1428,0.4196434766394873
2016_1173_1433,0.3330213615924951
2016_1173_1435,0.38166745535807517
2016_1173_1437,0.16086950266762792
2016_1173_1438,0.17628298663327988
2016_1173_1451,0.5315443452838942
2016_1173_1452,0.28077388217300914
2016_1173_1453,0.7044788476310017
2016_1173_1455,0.2739601318907137
2016_1173_1458,0.18488290790641587
2016_1173_1462,0.30543417322081695
2016_1173_1463,0.602851123505687
2016_1181_1192,0.9926497527593487
2016_1181_1195,0.994318418624011
2016_1181_1201,0.9424674234538327
2016_1181_1211,0.6063336911070358
2016_1181_1214,0.9950544180350781
2016_1181_1218,0.8352535516372116
2016_1181_1221,0.9834883388278386
2016_1181_1231,0.8115670999653237
2016_1181_1233,0.9236130753405435
2016_1181_1234,0.8562946557613953
2016_1181_1235,0.7867747552659622
2016_1181_1242,0.5507774046214199
2016_1181_1246,0.6924665389550194
2016_1181_1268,0.8035954752115986
2016_1181_1274,0.7393815316495931
2016_1181_1276,0.8553950690612293
2016_1181_1277,0.6292444590965967
2016_1181_1292,0.9442685738249035
2016_1181_1314,0.5606866063585051
2016_1181_1320,0.8142810865707204
2016_1181_1323,0.6663270240061061
2016_1181_1328,0.7723857975166348
2016_1181_1332,0.776942501799935
2016_1181_1333,0.921648216702011
2016_1181_1338,0.6460828589483235
2016_1181_1344,0.8545571960563382
2016_1181_1345,0.8326664902871055
2016_1181_1355,0.9670542289108206
2016_1181_1371,0.8870355703495194
2016_1181_1372,0.9353442001140848
2016_1181_1380,0.9978524181883416
2016_1181_1386,0.9101048302562716
2016_1181_1392,0.9656666481396964
2016_1181_1393,0.6270589287323132
2016_1181_1396,0.8566807197554771
2016_1181_1400,0.7723483257386656
2016_1181_1401,0.8095603709328913
2016_1181_1403,0.923442402558913
2016_1181_1409,0.9141465612312472
2016_1181_1421,0.9896118250919281
2016_1181_1423,0.9827397141756601
2016_1181_1425,0.8969613071351455
2016_1181_1428,0.8826536774843035
2016_1181_1433,0.8296440473863835
2016_1181_1435,0.8611620852939528
2016_1181_1437,0.6558078365543323
2016_1181_1438,0.6778517731500753
2016_1181_1451,0.9220901065953915
2016_1181_1452,0.791768727181485
2016_1181_1453,0.9716665865227775
2016_1181_1455,0.7833480603975747
2016_1181_1458,0.6896243955866401
2016_1181_1462,0.8114103662768857
2016_1181_1463,0.9472564063883265
2016_1192_1195,0.56640104855586
2016_1192_1201,0.189734440134722
2016_1192_1211,0.015343813611982482
2016_1192_1214,0.5680754773490393
2016_1192_1218,0.07248175236827445
2016_1192_1221,0.38001398746359116
2016_1192_1231,0.05685555281744581
2016_1192_1233,0.1580908855217627
2016_1192_1234,0.07974047906968129
2016_1192_1235,0.04756411580003532
2016_1192_1242,0.010253542741597906
2016_1192_1246,0.025898676890580757
2016_1192_1268,0.05381748889147639
2016_1192_1274,0.0348268310407633
2016_1192_1276,0.07923458951120078
2016_1192_1277,0.01694230618675781
2016_1192_1292,0.1973200340997266
2016_1192_1314,0.01094875609350431
2016_1192_1320,0.05936109221003623
2016_1192_1323,0.021487604654208157
2016_1192_1328,0.04303331275773518
2016_1192_1332,0.04455061298048894
2016_1192_1333,0.14417762854223362
2016_1192_1338,0.018876935591398095
2016_1192_1344,0.07874664817906143
2016_1192_1345,0.06641893156567391
2016_1192_1355,0.2762047927157483
2016_1192_1371,0.10352792738520238
2016_1192_1372,0.18249004632627452
2016_1192_1380,0.6868126621234765
2016_1192_1386,0.12871121988199735
2016_1192_1392,0.27639395942344575
2016_1192_1393,0.016712429359734274
2016_1192_1396,0.08042727034894093
2016_1192_1400,0.04300615406660587
2016_1192_1401,0.05610781869801585
2016_1192_1403,0.1467702266943479
2016_1192_1409,0.13718876510194214
2016_1192_1421,0.4764872603964091
2016_1192_1423,0.36497956916213464
2016_1192_1425,0.11298854270341259
2016_1192_1428,0.09983210732337386
2016_1192_1433,0.06672111997045617
2016_1192_1435,0.08455305312253225
2016_1192_1437,0.020105506755199003
2016_1192_1438,0.023218701837330297
2016_1192_1451,0.16613933962280644
2016_1192_1452,0.04923885382268485
2016_1192_1453,0.2933721897271589
2016_1192_1455,0.047870958767826766
2016_1192_1458,0.025011784097730923
2016_1192_1462,0.05688148656233049
2016_1192_1463,0.21022234165381828
2016_1195_1201,0.15378936555258568
2016_1195_1211,0.011859174898210884
2016_1195_1214,0.50050346447701
2016_1195_1218,0.05701852013577426
2016_1195_1221,0.3215188003010559
2016_1195_1231,0.044432325801862134
2016_1195_1233,0.12733380489086646
2016_1195_1234,0.06273215291232255
2016_1195_1235,0.037065147350092566
2016_1195_1242,0.007919546400369976
2016_1195_1246,0.02005983291535264
2016_1195_1268,0.042022425163693124
2016_1195_1274,0.027040760275910684
2016_1195_1276,0.06232678537370699
2016_1195_1277,0.013090962223134935
2016_1195_1292,0.16034721599922575
2016_1195_1314,0.008456092479952578
2016_1195_1320,0.046454241465964316
2016_1195_1323,0.01661909117528879
2016_1195_1328,0.03348797174691276
2016_1195_1332,0.03468732194502418
2016_1195_1333,0.11538803235552426
2016_1195_1338,0.0145913287006925
2016_1195_1344,0.06193531560604269
2016_1195_1345,0.052052583231500665
2016_1195_1355,0.2286445866795196
2016_1195_1371,0.08199136852152122
2016_1195_1372,0.14796089443045143
2016_1195_1380,0.6218983958229125
2016_1195_1386,0.10262344783535336
2016_1195_1392,0.22908913460981012
2016_1195_1393,0.012912879326800951
2016_1195_1396,0.0632955305372103
2016_1195_1400,0.033466278596580315
2016_1195_1401,0.043839620749590774
2016_1195_1403,0.11753321774194048
2016_1195_1409,0.10972031551075978
2016_1195_1421,0.41281419112944717
2016_1195_1423,0.30742071931384923
2016_1195_1425,0.08970274945836185
2016_1195_1428,0.07899108903635337
2016_1195_1433,0.052334555019916615
2016_1195_1435,0.06664961498998975
2016_1195_1437,0.015545313383066616
2016_1195_1438,0.0179666776120224
2016_1195_1451,0.13445710581884812
2016_1195_1452,0.038389316156280266
2016_1195_1453,0.24351685180952032
2016_1195_1455,0.03733488883037098
2016_1195_1458,0.01936288647549279
2016_1195_1462,0.044454791934216406
2016_1195_1463,0.17155256481855158
2016_1201_1211,0.09706340962593396
2016_1201_1214,0.8508743630778826
2016_1201_1218,0.27763332862483336
2016_1201_1221,0.715924757012782
2016_1201_1231,0.24085793204249348
2016_1201_1233,0.44746328074129194
2016_1201_1234,0.29954249419876866
2016_1201_1235,0.21425958475517826
2016_1201_1242,0.07344122507108779
2016_1201_1246,0.14117589004994305
2016_1201_1268,0.23221206399744287
2016_1201_1274,0.17339433369294624
2016_1201_1276,0.298282844163362
2016_1201_1277,0.10536290890727244
2016_1201_1292,0.5094505722935948
2016_1201_1314,0.07699543105484563
2016_1201_1320,0.2464215742979325
2016_1201_1323,0.1245345166230937
2016_1201_1328,0.20046944345007708
2016_1201_1332,0.2050027243034589
2016_1201_1333,0.4301853026139834
2016_1201_1338,0.11371120087895384
2016_1201_1344,0.29708407041627555
2016_1201_1345,0.26647515747837003
2016_1201_1355,0.6098677886505994
2016_1201_1371,0.3523460575466288
2016_1201_1372,0.48470527527724366
2016_1201_1380,0.9104182401010359
2016_1201_1386,0.4018614201441216
2016_1201_1392,0.6075147680511497
2016_1201_1393,0.10434000383253848
2016_1201_1396,0.3008082915135451
2016_1201_1400,0.20040230185004534
2016_1201_1401,0.2387111493956421
2016_1201_1403,0.4348155759271645
2016_1201_1409,0.4153820279211708
2016_1201_1421,0.7867854732295182
2016_1201_1423,0.7048800377804894
2016_1201_1425,0.37188828397866963
2016_1201_1428,0.3443801407007882
2016_1201_1433,0.26562379862296903
2016_1201_1435,0.3095114655975929
2016_1201_1437,0.11884123171104277
2016_1201_1438,0.13134177593383095
2016_1201_1451,0.4545501266287634
2016_1201_1452,0.21924687079320868
2016_1201_1453,0.6313817534410846
2016_1201_1455,0.21367843724152594
2016_1201_1458,0.13835578037289575
2016_1201_1462,0.2408424176388689
2016_1201_1463,0.5251649482912342
2016_1211_1214,0.9894003796513144
2016_1211_1218,0.7588341426582872
2016_1211_1221,0.9681719683158813
2016_1211_1231,0.7282688963292079
2016_1211_1233,0.8760896436298692
2016_1211_1234,0.7841924251600363
2016_1211_1235,0.6983465199462394
2016_1211_1242,0.4430669571696819
2016_1211_1246,0.5910540140273668
2016_1211_1268,0.7186294047671158
2016_1211_1274,0.643339092653094
2016_1211_1276,0.7830535192544259
2016_1211_1277,0.5229205433802482
2016_1211_1292,0.9058541661768565
2016_1211_1314,0.45293813027044855
2016_1211_1320,0.7320410490666773
2016_1211_1323,0.562284273224894
2016_1211_1328,0.6813203570193299
2016_1211_1332,0.6867493356932639
2016_1211_1333,0.8721636978825638
2016_1211_1338,0.5406668204256238
2016_1211_1344,0.7819889814121428
2016_1211_1345,0.7542978579733662
2016_1211_1355,0.9410248384057792
2016_1211_1371,0.8245239266102504
2016_1211_1372,0.893156925945936
2016_1211_1380,0.9951219052440313
2016_1211_1386,0.8560175213586896
2016_1211_1392,0.9390979212789639
2016_1211_1393,0.5206400372741686
2016_1211_1396,0.7847904735472517
2016_1211_1400,0.6812689587931302
2016_1211_1401,0.7258476163382488
2016_1211_1403,0.8746972140432979
2016_1211_1409,0.8620393707255237
2016_1211_1421,0.9794356774127355
2016_1211_1423,0.9666825210577633
2016_1211_1425,0.8378720030657316
2016_1211_1428,0.8187152963284798
2016_1211_1433,0.751056231515552
2016_1211_1435,0.7908203337188495
2016_1211_1437,0.5510273389638046
2016_1211_1438,0.5748066853056443
2016_1211_1451,0.8749947950810036
2016_1211_1452,0.7042991000111952
2016_1211_1453,0.9482342410174309
2016_1211_1455,0.6948712795318313
2016_1211_1458,0.5876162219328618
2016_1211_1462,0.7281086418444903
2016_1211_1463,0.9106747329084478
2016_1214_1218,0.053676285428916636
2016_1214_1221,0.31811144356518545
2016_1214_1231,0.041425317035513075
2016_1214_1233,0.12285982916471191
2016_1214_1234,0.05913621474553097
2016_1214_1235,0.03435142181613198
2016_1214_1242,0.006971269140659593
2016_1214_1246,0.018229720398162456
2016_1214_1268,0.039110338824854374
2016_1214_1274,0.024810085330682078
2016_1214_1276,0.05874313120272316
2016_1214_1277,0.011720235548155513
2016_1214_1292,0.15571296248551167
2016_1214_1314,0.0074604947419595205
2016_1214_1320,0.04339936592553323
2016_1214_1323,0.014999176491835098
2016_1214_1328,0.030932649542093037
2016_1214_1332,0.032080506029342044
2016_1214_1333,0.11086288110851736
2016_1214_1338,0.013111603530545442
2016_1214_1344,0.058363173391901786
2016_1214_1345,0.04877766948510796
2016_1214_1355,0.22426991786870792
2016_1214_1371,0.07795211627411208
2016_1214_1372,0.14341852127025007
2016_1214_1380,0.6233773205687347
2016_1214_1386,0.0982540767953071
2016_1214_1392,0.22477756751226932
2016_1214_1393,0.011555578268673516
2016_1214_1396,0.05969210540150511
2016_1214_1400,0.03091162317223657
2016_1214_1401,0.04085634289609867
2016_1214_1403,0.11298462420793468
2016_1214_1409,0.10531151730326851
2016_1214_1421,0.41088082799813985
2016_1214_1423,0.30377410225299967
2016_1214_1425,0.08551855508813512
2016_1214_1428,0.07501564739478143
2016_1214_1433,0.049084255988274865
2016_1214_1435,0.06297874541829852
2016_1214_1437,0.013999038875321565
2016_1214_1438,0.01625970969530514
2016_1214_1451,0.1300815280896986
2016_1214_1452,0.035619076773034254
2016_1214_1453,0.2392071094549758
2016_1214_1455,0.03463866604339356
2016_1214_1458,0.01756636187367822
2016_1214_1462,0.04144869566785254
2016_1214_1463,0.16697750455156812
2016_1218_1221,0.8752428225346437
2016_1218_1231,0.4583191087175142
2016_1218_1233,0.6749415745125242
2016_1218_1234,0.5290086579890976
2016_1218_1235,0.423744962580919
2016_1218_1242,0.1976905913485501
2016_1218_1246,0.31665734569170223
2016_1218_1268,0.4471268229201167
2016_1218_1274,0.3661179537469619
2016_1218_1276,0.5275256557339941
2016_1218_1277,0.25750968813237374
2016_1218_1292,0.7292520215114731
2016_1218_1314,0.20468359906103384
2016_1218_1320,0.46419407676075775
2016_1218_1323,0.2903347170540428
2016_1218_1328,0.4050377080145457
2016_1218_1332,0.4111040872079494
2016_1218_1333,0.6631722884894329
2016_1218_1338,0.27203523979905725
2016_1218_1344,0.5261263269614871
2016_1218_1345,0.49010508057379265
2016_1218_1355,0.8054710243423318
2016_1218_1371,0.5865280630568124
2016_1218_1372,0.7068678406607738
2016_1218_1380,0.9714038020990236
2016_1218_1386,0.6361534676976793
2016_1218_1392,0.8025413412149633
2016_1218_1393,0.255690356423698
2016_1218_1396,0.5301630582326724
2016_1218_1400,0.4049621294509624
2016_1218_1401,0.4555245715382365
2016_1218_1403,0.6675098927159722
2016_1218_1409,0.647767502532183
2016_1218_1421,0.9128814945604447
2016_1218_1423,0.8696307635376166
2016_1218_1425,0.6067681780398997
2016_1218_1428,0.5780298918685858
2016_1218_1433,0.4876922694578779
2016_1218_1435,0.5392630920618214
2016_1218_1437,0.2807532636077414
2016_1218_1438,0.3014170468177298
2016_1218_1451,0.6775933025536498
2016_1218_1452,0.4304068803878705
2016_1218_1453,0.8215214808561938
2016_1218_1455,0.4215561612865411
2016_1218_1458,0.3127964199459584
2016_1218_1462,0.4582215712826129
2016_1218_1463,0.7406182788672657
2016_1221_1231,0.10175171734734637
2016_1221_1233,0.24295502031085922
2016_1221_1234,0.13647969026382586
2016_1221_1235,0.08708886326622571
2016_1221_1242,0.02228984324555838
2016_1221_1246,0.05086901091379302
2016_1221_1268,0.09696736783647712
2016_1221_1274,0.0661614676017017
2016_1221_1276,0.13571962175467478
2016_1221_1277,0.034955144035115834
2016_1221_1292,0.2930204477835657
2016_1221_1314,0.02363948574245114
2016_1221_1320,0.10538192234381986
2016_1221_1323,0.043190454760111366
2016_1221_1328,0.07978091279707974
2016_1221_1332,0.08221241431435636
2016_1221_1333,0.22642878745402475
2016_1221_1338,0.03848930215987303
2016_1221_1344,0.1349900966948653
2016_1221_1345,0.1164922925940105
2016_1221_1355,0.386327918216723
2016_1221_1371,0.170785265687056
2016_1221_1372,0.2737085270522417
2016_1221_1380,0.7832893065676447
2016_1221_1386,0.20558252602697458
2016_1221_1392,0.3856655418103285
2016_1221_1393,0.034530547318136665
2016_1221_1396,0.13741392956897056
2016_1221_1400,0.07973998360907572
2016_1221_1401,0.10057035705030634
2016_1221_1403,0.2298931839755581
2016_1221_1409,0.2164860694595696
2016_1221_1421,0.5941739794265187
2016_1221_1423,0.4852115753992101
2016_1221_1425,0.1840891854202244
2016_1221_1428,0.16550982559393965
2016_1221_1433,0.11661173218522289
2016_1221_1435,0.14326339408378339
2016_1221_1437,0.04070734016672029
2016_1221_1438,0.04624928417054067
2016_1221_1451,0.2516585697755887
2016_1221_1452,0.0897693093444677
2016_1221_1453,0.40655163380346243
2016_1221_1455,0.08729460330923278
2016_1221_1458,0.049411527212133016
2016_1221_1462,0.10177473571287568
2016_1221_1463,0.30809468222594666
2016_1231_1233,0.7137274622581551
2016_1231_1234,0.5714818664923564
2016_1231_1235,0.4645697490416982
2016_1231_1242,0.22467170873635647
2016_1231_1246,0.35259559193985673
2016_1231_1268,0.4885386638479105
2016_1231_1274,0.40469644024900886
2016_1231_1276,0.5699885692537328
2016_1231_1277,0.28958339945537986
2016_1231_1292,0.7654307641760414
2016_1231_1314,0.232311223930831
2016_1231_1320,0.5057860065679718
2016_1231_1323,0.32473979974234063
2016_1231_1328,0.4452598031944518
2016_1231_1332,0.451507030046527
2016_1231_1333,0.7032158001715908
2016_1231_1338,0.30517748352029866
2016_1231_1344,0.568581650074925
2016_1231_1345,0.5323104450180189
2016_1231_1355,0.8358265331150729
2016_1231_1371,0.6285841255016648
2016_1231_1372,0.7439875067853579
2016_1231_1380,0.9786721905806225
2016_1231_1386,0.6770724724830192
2016_1231_1392,0.8329000512066275
2016_1231_1393,0.28762396313944766
2016_1231_1396,0.5725845074429795
2016_1231_1400,0.4451845160347332
2016_1231_1401,0.49713563559665164
2016_1231_1403,0.7073974367959219
2016_1231_1409,0.6880639866787559
2016_1231_1421,0.9302389544266969
2016_1231_1423,0.893553184171973
2016_1231_1425,0.6484853023839714
2016_1231_1428,0.6201808971614404
2016_1231_1433,0.5296187497067836
2016_1231_1435,0.5815456197887499
2016_1231_1437,0.3145042377223736
2016_1231_1438,0.3365194501406336
2016_1231_1451,0.7155385634498119
2016_1231_1452,0.4714283423210635
2016_1231_1453,0.8505884546963599
2016_1231_1455,0.46206879829270847
2016_1231_1458,0.3486085528131721
2016_1231_1462,0.4998866251943259
2016_1231_1463,0.7758016589819962
2016_1233_1234,0.34905657877321694
2016_1233_1235,0.25729126823421483
2016_1233_1242,0.09586132113014516
2016_1233_1246,0.17532474680912064
2016_1233_1268,0.27686143821453774
2016_1233_1274,0.21187965789103305
2016_1233_1276,0.34771606068399524
2016_1233_1277,0.1339447235626428
2016_1233_1292,0.5615597687275207
2016_1233_1314,0.10015520752051155
2016_1233_1320,0.29205566915773873
2016_1233_1323,0.1563008431038758
2016_1233_1328,0.24210940390236227
2016_1233_1332,0.24708389128342426
2016_1233_1333,0.4836669553227575
2016_1233_1338,0.14371947598816323
2016_1233_1344,0.3464429587386738
2016_1233_1345,0.31387497012571874
2016_1233_1355,0.6581496574418033
2016_1233_1371,0.4042257519513098
2016_1233_1372,0.5368018471083227
2016_1233_1380,0.9278113761557994
2016_1233_1386,0.4549675424212351
2016_1233_1392,0.6555591650354387
2016_1233_1393,0.13274035143138216
2016_1233_1396,0.35033036674579277
2016_1233_1400,0.24203850750241118
2016_1233_1401,0.28393253642457145
2016_1233_1403,0.48833952482352677
2016_1233_1409,0.46835502782719407
2016_1233_1421,0.8202351982184859
2016_1233_1423,0.7472610110827045
2016_1233_1425,0.42440587816556696
2016_1233_1428,0.3959431691950681
2016_1233_1433,0.312672305487759
2016_1233_1435,0.35934027141484853
2016_1233_1437,0.1496904680926473
2016_1233_1438,0.1641391639184589
2016_1233_1451,0.5061480196531277
2016_1233_1452,0.26276139724313813
2016_1233_1453,0.6787722528065527
2016_1233_1455,0.2563738626147376
2016_1233_1458,0.17220840513878585
2016_1233_1462,0.28623979720943915
2016_1233_1463,0.5765332808122554
2016_1234_1235,0.39389529485254193
2016_1234_1242,0.17444684198462485
2016_1234_1246,0.2884389164009045
2016_1234_1268,0.4173040349785014
2016_1234_1274,0.336825872025361
2016_1234_1276,0.4984958256248559
2016_1234_1277,0.23120076387550392
2016_1234_1292,0.7078021266881669
2016_1234_1314,0.18102923877062269
2016_1234_1320,0.43457287746004714
2016_1234_1323,0.26279675413365083
2016_1234_1328,0.37526782595159863
2016_1234_1332,0.3813197681641566
2016_1234_1333,0.6382339575467328
2016_1234_1338,0.24514783407490018
2016_1234_1344,0.49707509196619704
2016_1234_1345,0.4605417839715172
2016_1234_1355,0.7886591165597412
2016_1234_1371,0.5588805715515562
2016_1234_1372,0.6844358804198203
2016_1234_1380,0.9684265179875755
2016_1234_1386,0.6101625097305321
2016_1234_1392,0.7856465848520117
2016_1234_1393,0.22945988912132864
2016_1234_1396,0.5012110048177394
2016_1234_1400,0.3751904222648765
2016_1234_1401,0.4257200644283063
2016_1234_1403,0.6427494604557316
2016_1234_1409,0.6223693216186849
2016_1234_1421,0.9044728426536323
2016_1234_1423,0.8573811172395029
2016_1234_1425,0.5797213857299464
2016_1234_1428,0.5501598598929858
2016_1234_1433,0.4582802818988895
2016_1234_1435,0.5105752405179081
2016_1234_1437,0.2535493274148182
2016_1234_1438,0.27354679885864513
2016_1234_1451,0.6541107194908574
2016_1234_1452,0.4005426797961806
2016_1234_1453,0.8057180895719958
2016_1234_1455,0.39190197630184526
2016_1234_1458,0.28459046880337985
2016_1234_1462,0.4284303409195323
2016_1234_1463,0.7199269869712078
2016_1235_1242,0.25207171927198646
2016_1235_1246,0.38595760052220823
2016_1235_1268,0.5239759937679197
2016_1235_1274,0.43938487685533023
2016_1235_1276,0.6046336504377043
2016_1235_1277,0.3206344509388805
2016_1235_1292,0.791494009783908
2016_1235_1314,0.2601986687144543
2016_1235_1320,0.5410165053195619
2016_1235_1323,0.35726948564991406
2016_1235_1328,0.48056663337614464
2016_1235_1332,0.48684059849381645
2016_1235_1333,0.7332929584823332
2016_1235_1338,0.33692294487587565
2016_1235_1344,0.6032493757809347
2016_1235_1345,0.5675159652160177
2016_1235_1355,0.8564962713298077
2016_1235_1371,0.6617114356015799
2016_1235_1372,0.7711706357091668
2016_1235_1380,0.9826348756509888
2016_1235_1386,0.7083406679303861
2016_1235_1392,0.853657151222042
2016_1235_1393,0.3185810869215839
2016_1235_1396,0.6071430458359854
2016_1235_1400,0.48049334046194236
2016_1235_1401,0.5325654180683392
2016_1235_1403,0.7372727928024132
2016_1235_1409,0.7186530220183531
2016_1235_1421,0.9408928716942647
2016_1235_1423,0.9088546852664969
2016_1235_1425,0.6809430461475166
2016_1235_1428,0.6535543742038131
2016_1235_1433,0.5646437368736805
2016_1235_1435,0.6158103719723107
2016_1235_1437,0.34663095426833695
2016_1235_1438,0.3694526095208241
2016_1235_1451,0.7439078464592626
2016_1235_1452,0.506886425786391
2016_1235_1453,0.8700839003191122
2016_1235_1455,0.4972683298338083
2016_1235_1458,0.38194964099004675
2016_1235_1462,0.5353053579439414
2016_1235_1463,0.8009798569929663
2016_1242_1246,0.6464837866797414
2016_1242_1268,0.7665106050343065
2016_1242_1274,0.6964751320421445
2016_1242_1276,0.8245372544075242
2016_1242_1277,0.5801527381639798
2016_1242_1292,0.9288263253843893
2016_1242_1314,0.5100210716087665
2016_1242_1320,0.7785317353248236
2016_1242_1323,0.6187886703084271
2016_1242_1328,0.7321678474711646
2016_1242_1332,0.7371745672789292
2016_1242_1333,0.9013879658704234
2016_1242_1338,0.5976379793515605
2016_1242_1344,0.8235895608370815
2016_1242_1345,0.7988787310482611
2016_1242_1355,0.956882171672302
2016_1242_1371,0.8608241606532295
2016_1242_1372,0.9182179997812414
2016_1242_1380,0.9969021595818184
2016_1242_1386,0.8877630990746879
2016_1242_1392,0.9552462063425244
2016_1242_1393,0.5778937927925323
2016_1242_1396,0.8260323880938496
2016_1242_1400,0.7321238141469171
2016_1242_1401,0.7731107406133729
2016_1242_1403,0.9035145739615329
2016_1242_1409,0.8926703026218372
2016_1242_1421,0.9858302910674929
2016_1242_1423,0.9766811635139127
2016_1242_1425,0.8723384115896843
2016_1242_1428,0.8557733340724346
2016_1242_1433,0.7957025806482463
2016_1242_1435,0.8312336386358341
2016_1242_1437,0.6077874379105233
2016_1242_1438,0.6309270864490606
2016_1242_1451,0.9027236128426446
2016_1242_1452,0.7534164505740368
2016_1242_1453,0.9625929741139525
2016_1242_1455,0.7444185273193703
2016_1242_1458,0.6433344454702903
2016_1242_1462,0.7751669638911483
2016_1242_1463,0.9325799555561279
2016_1246_1268,0.6366401707537248
2016_1246_1274,0.554625155352177
2016_1246_1276,0.7102417173555713
2016_1246_1277,0.43078629483363673
2016_1246_1292,0.8628968595900566
2016_1246_1314,0.36289337714271613
2016_1246_1320,0.6520669434371975
2016_1246_1323,0.47025997167075995
2016_1246_1328,0.5953623389637797
2016_1246_1332,0.6013515845762678
2016_1246_1333,0.8185893862166039
2016_1246_1338,0.44847395149947256
2016_1246_1344,0.7090049262197597
2016_1246_1345,0.6769427530240828
2016_1246_1355,0.9104852347624213
2016_1246_1371,0.7596323124379667
2016_1246_1372,0.8467560069378275
2016_1246_1380,0.9912677404179171
2016_1246_1386,0.7983586393469343
2016_1246_1392,0.9081032013084722
2016_1246_1393,0.42853247311420023
2016_1246_1396,0.7123569425204295
2016_1246_1400,0.5952997145240241
2016_1246_1401,0.6447055663775105
2016_1246_1403,0.8217868207771308
2016_1246_1409,0.8062605606950881
2016_1246_1421,0.96645969462195
2016_1246_1423,0.9467331137812675
2016_1246_1425,0.7758524460072163
2016_1246_1428,0.7526528151622345
2016_1246_1433,0.6737139258381422
2016_1246_1435,0.7196808967983294
2016_1246_1437,0.45889476266743023
2016_1246_1438,0.48306562791334146
2016_1246_1451,0.8243160810926051
2016_1246_1452,0.62061207214645
2016_1246_1453,0.9203272527007391
2016_1246_1455,0.6107495284110004
2016_1246_1458,0.49618061602029007
2016_1246_1462,0.6472522516747081
2016_1246_1463,0.8696145448617373
2016_1268_1274,0.41589915272642375
2016_1268_1276,0.5812095727654123
2016_1268_1277,0.29958981645912913
2016_1268_1292,0.773903646157714
2016_1268_1314,0.2412873261150213
2016_1268_1320,0.5171838403283835
2016_1268_1323,0.3352299191699469
2016_1268_1328,0.4566703351027638
2016_1268_1332,0.46292744706853806
2016_1268_1333,0.7129815083433437
2016_1268_1338,0.31541083998714775
2016_1268_1344,0.57980970713768
2016_1268_1345,0.5437054513144663
2016_1268_1355,0.842557421734285
2016_1268_1371,0.6393248327410568
2016_1268_1372,0.7528199885921008
2016_1268_1380,0.9799712069223634
2016_1268_1386,0.6872196323072196
2016_1268_1392,0.8396584710027043
2016_1268_1393,0.29759972105645754
2016_1268_1396,0.5837779742248533
2016_1268_1400,0.4565956770077056
2016_1268_1401,0.5085962429852692
2016_1268_1403,0.7170984521120174
2016_1268_1409,0.6979926356914623
2016_1268_1421,0.9337190302669488
2016_1268_1423,0.8985454537326686
2016_1268_1425,0.6590128176306679
2016_1268_1428,0.6309997414806086
2016_1268_1433,0.5409547314666947
2016_1268_1435,0.5926456238024724
2016_1268_1437,0.3248623772936633
2016_1268_1438,0.3471420685841581
2016_1268_1451,0.7247505419949452
2016_1268_1452,0.4828929634016026
2016_1268_1453,0.8569399048678463
2016_1268_1455,0.4734479891184951
2016_1268_1458,0.35936517257459033
2016_1268_1462,0.5113442013378476
2016_1268_1463,0.7839883685210172
2016_1274_1276,0.6617703243372166
2016_1274_1277,0.37731869373803684
2016_1274_1292,0.8314538941592471
2016_1274_1314,0.31238127426168516
2016_1274_1320,0.6004431044752436
2016_1274_1323,0.4158274520527667
2016_1274_1328,0.5413805665882627
2016_1274_1332,0.5475678707559624
2016_1274_1333,0.7805201349273978
2016_1274_1338,0.39451073942322684
2016_1274_1344,0.6604520194646024
2016_1274_1345,0.6263458170777805
2016_1274_1355,0.887161021914428
2016_1274_1371,0.7152167140618415
2016_1274_1372,0.8132700856699163
2016_1274_1380,0.98781135638915
2016_1274_1386,0.7579438735296874
2016_1274_1392,0.8845384012368958
2016_1274_1393,0.3751391172121212
2016_1274_1396,0.6640884971373202
2016_1274_1400,0.5413122558372503
2016_1274_1401,0.5924979863175899
2016_1274_1403,0.7841037793344645
2016_1274_1409,0.7670039443893837
2016_1274_1421,0.9557902909811872
2016_1274_1423,0.930728427909191
2016_1274_1425,0.7329831781520926
2016_1274_1428,0.7076237076749865
2016_1274_1433,0.6232415755149445
2016_1274_1435,0.6721048720917777
2016_1274_1437,0.4046950485078524
2016_1274_1438,0.42846746910123584
2016_1274_1451,0.7884161281389416
2016_1274_1452,0.5674040207323207
2016_1274_1453,0.8987416996041576
2016_1274_1455,0.5575486088498238
2016_1274_1458,0.44142231721915043
2016_1274_1462,0.5951622375828809
2016_1274_1463,0.8394471228684095
2016_1276_1277,0.23239220722416898
2016_1276_1292,0.7090398809301366
2016_1276_1314,0.18206769739371836
2016_1276_1320,0.4360614620351656
2016_1276_1323,0.2640663549866527
2016_1276_1328,0.3767217402086985
2016_1276_1332,0.38277870267905506
2016_1276_1333,0.6396202861981478
2016_1276_1338,0.24637529227170427
2016_1276_1344,0.49857935553546473
2016_1276_1345,0.46204600833846804
2016_1276_1355,0.7896811874809456
2016_1276_1371,0.5603559069908759
2016_1276_1372,0.6857115399583116
2016_1276_1380,0.9686556455731035
2016_1276_1386,0.6115859206561832
2016_1276_1392,0.7866698449842422
2016_1276_1393,0.23064657716849035
2016_1276_1396,0.5027130739260082
2016_1276_1400,0.37664436794002754
2016_1276_1401,0.42721154175072956
2016_1276_1403,0.644129308138941
2016_1276_1409,0.6237683922051491
2016_1276_1421,0.9050398097960793
2016_1276_1423,0.8581724019615059
2016_1276_1425,0.5811798533622627
2016_1276_1428,0.5516406258743497
2016_1276_1433,0.4597750867232074
2016_1276_1435,0.5120701577287933
2016_1276_1437,0.25479713722559366
2016_1276_1438,0.274839326349147
2016_1276_1451,0.655422099244765
2016_1276_1452,0.4020191786376323
2016_1276_1453,0.8066926657314585
2016_1276_1455,0.39336215567472793
2016_1276_1458,0.28590629890981306
2016_1276_1462,0.4299230880229249
2016_1276_1463,0.7211283185957327
2016_1277_1292,0.8977936531944685
2016_1277_1314,0.4297090951334421
2016_1277_1320,0.7144206284077415
2016_1277_1323,0.5398648772573063
2016_1277_1328,0.6617587814267948
2016_1277_1332,0.6673797710127491
2016_1277_1333,0.8617111512582616
2016_1277_1338,0.5179455618828528
2016_1277_1344,0.7664935091434124
2016_1277_1345,0.7375291200183531
2016_1277_1355,0.9356234995346016
2016_1277_1371,0.8112307499745042
2016_1277_1372,0.8842774005725356
2016_1277_1380,0.9945914423425782
2016_1277_1386,0.8445628081052942
2016_1277_1392,0.9335779851408083
2016_1277_1393,0.4976986946286022
2016_1277_1396,0.7694434501167492
2016_1277_1400,0.661704321968718
2016_1277_1401,0.7079041088014246
2016_1277_1403,0.8644054978905904
2016_1277_1409,0.8510134439313757
2016_1277_1421,0.9773766340732257
2016_1277_1423,0.9634026988130371
2016_1277_1425,0.825326763931129
2016_1277_1428,0.8051099491777592
2016_1277_1433,0.7342381654581946
2016_1277_1435,0.7758119404655273
2016_1277_1437,0.5284457529842495
2016_1277_1438,0.5526068381228137
2016_1277_1451,0.8650462289662528
2016_1277_1452,0.6855291327448895
2016_1277_1453,0.9433897705829246
2016_1277_1455,0.6758790188051258
2016_1277_1458,0.5656445691942353
2016_1277_1462,0.7102555198670244
2016_1277_1463,0.9030063313032408
2016_1292_1314,0.0746261704315519
2016_1292_1320,0.24005046251566284
2016_1292_1323,0.12087349686521044
2016_1292_1328,0.1950086413619966
2016_1292_1332,0.19944718617298693
2016_1292_1333,0.4211502305196558
2016_1292_1338,0.11033246423249217
2016_1292_1344,0.28978185826390707
2016_1292_1345,0.25970352259942076
2016_1292_1355,0.6003210851446431
2016_1292_1371,0.34421166181731644
2016_1292_1372,0.4754587067222991
2016_1292_1380,0.9056793804942391
2016_1292_1386,0.39312317666604607
2016_1292_1392,0.5980418448157838
2016_1292_1393,0.10121106670694661
2016_1292_1396,0.293450610500075
2016_1292_1400,0.19494264751712434
2016_1292_1401,0.23246575249879708
2016_1292_1403,0.42573488974229984
2016_1292_1409,0.4065508606902452
2016_1292_1421,0.7790281184036775
2016_1292_1423,0.6957407599589591
2016_1292_1425,0.36349331850662675
2016_1292_1428,0.3363596537325071
2016_1292_1433,0.2589001819125472
2016_1292_1435,0.30203383669060296
2016_1292_1437,0.11532820187079028
2016_1292_1438,0.12750822829199604
2016_1292_1451,0.44562757977580675
2016_1292_1452,0.2133893397339088
2016_1292_1453,0.6218264996583843
2016_1292_1455,0.2079639536038933
2016_1292_1458,0.1343449931645554
2016_1292_1462,0.23455568845958116
2016_1292_1463,0.515723293387009
2016_1314_1320,0.7709911166419113
2016_1314_1323,0.6091550227274735
2016_1314_1328,0.7237893158678546
2016_1314_1332,0.7288791347332368
2016_1314_1333,0.8969167668501007
2016_1314_1338,0.5878677570587917
2016_1314_1344,0.8169632598817183
2016_1314_1345,0.7917057519283283
2016_1314_1355,0.9545625034996621
2016_1314_1371,0.8551405815931415
2016_1314_1372,0.9144163042011729
2016_1314_1380,0.9966685063349399
2016_1314_1386,0.8828644785840043
2016_1314_1392,0.9528761062289931
2016_1314_1393,0.5680222166099143
2016_1314_1396,0.8194695966405711
2016_1314_1400,0.7237439753028632
2016_1314_1401,0.7654318324545266
2016_1314_1403,0.8991119433207806
2016_1314_1409,0.8879541846449495
2016_1314_1421,0.9849384913994391
2016_1314_1423,0.9752659905652518
2016_1314_1425,0.8669744315619728
2016_1314_1428,0.8499562415152527
2016_1314_1433,0.7885072765822901
2016_1314_1435,0.8248155326943545
2016_1314_1437,0.5980805587803824
2016_1314_1438,0.6213913978790975
2016_1314_1451,0.8984654339880902
2016_1314_1452,0.7453808115769227
2016_1314_1453,0.9605105046513773
2016_1314_1455,0.7362850950907198
2016_1314_1458,0.6339004821592065
2016_1314_1462,0.7675270193759085
2016_1314_1463,0.9292943962438217
2016_1320_1323,0.3203476748415468
2016_1320_1328,0.4398013299269199
2016_1320_1332,0.4460091392571834
2016_1320_1333,0.6972548951124798
2016_1320_1338,0.30099741781142436
2016_1320_1344,0.5625357422453214
2016_1320_1345,0.5263787476508952
2016_1320_1355,0.8311308911963756
2016_1320_1371,0.6224713214773461
2016_1320_1372,0.7384040066601613
2016_1320_1380,0.9774917693374962
2016_1320_1386,0.6710314663785075
2016_1320_1392,0.8282118723456355
2016_1320_1393,0.2836426979569201
2016_1320_1396,0.5665351602481928
2016_1320_1400,0.43972618316107476
2016_1320_1401,0.49136586278519984
2016_1320_1403,0.7014518707673577
2016_1320_1409,0.6820971600359449
2016_1320_1421,0.9274772465138275
2016_1320_1423,0.8897805908223037
2016_1320_1425,0.6423819611398334
2016_1320_1428,0.6140715227674605
2016_1320_1433,0.523733369164267
2016_1320_1435,0.5754981552680094
2016_1320_1437,0.3102223063865272
2016_1320_1438,0.33200701299529223
2016_1320_1451,0.709886264106387
2016_1320_1452,0.46579909072344644
2016_1320_1453,0.8460686128362729
2016_1320_1455,0.4565313202113131
2016_1320_1458,0.3439733715735928
2016_1320_1462,0.4941031068488584
2016_1320_1463,0.7704585127416359
2016_1323_1328,0.624416294914617
2016_1323_1332,0.6302773859902958
2016_1323_1333,0.8384095235810853
2016_1323_1338,0.4780331502902162
2016_1323_1344,0.7347447286956965
2016_1323_1345,0.7038873988777281
2016_1323_1355,0.9223752640514201
2016_1323_1371,0.7829979409894138
2016_1323_1372,0.8641084342847426
2016_1323_1380,0.9929428256898039
2016_1323_1386,0.819480332080444
2016_1323_1392,0.9201307528601309
2016_1323_1393,0.4578483164941409
2016_1323_1396,0.7379339892876879
2016_1323_1400,0.6243569486656475
2016_1323_1401,0.6726283992444642
2016_1323_1403,0.8413934267891015
2016_1323_1409,0.8267520238524853
2016_1323_1421,0.9717763528063293
2016_1323_1423,0.9547728938762594
2016_1323_1425,0.7983439772608459
2016_1323_1428,0.7763679857619419
2016_1323_1433,0.7006064416915015
2016_1323_1435,0.7448657440337889
2016_1323_1437,0.48854710853193023
2016_1323_1438,0.5128510651940079
2016_1323_1451,0.8430140382726373
2016_1323_1452,0.6491585909731264
2016_1323_1453,0.9312904817004088
2016_1323_1455,0.6393290913707652
2016_1323_1458,0.5260072777380047
2016_1323_1462,0.6751029116488516
2016_1323_1463,0.8851674228489114
2016_1328_1332,0.5062667254502198
2016_1328_1333,0.7490683620021852
2016_1328_1338,0.35486585201433307
2016_1328_1344,0.6219110194066912
2016_1328_1345,0.5865922139415385
2016_1328_1355,0.8670142763112101
2016_1328_1371,0.6793460107548036
2016_1328_1372,0.7853225516589049
2016_1328_1380,0.9845164660172903
2016_1328_1386,0.7248293656895421
2016_1328_1392,0.8642349567704574
2016_1328_1393,0.3361417283183966
2016_1328_1396,0.625732697539934
2016_1328_1400,0.49992808460955357
2016_1328_1401,0.55188509342124
2016_1328_1403,0.7529284157222752
2016_1328_1409,0.7347522823943673
2016_1328_1421,0.9461433340196381
2016_1328_1423,0.9164879666387057
2016_1328_1425,0.6981548993147209
2016_1328_1428,0.6713486084789376
2016_1328_1433,0.5836330772250444
2016_1328_1435,0.6342131719572092
2016_1328_1437,0.364755145321355
2016_1328_1438,0.387950868040335
2016_1328_1451,0.758777081994783
2016_1328_1452,0.5263110092168262
2016_1328_1453,0.8799560927898361
2016_1328_1455,0.5165841961709641
2016_1328_1458,0.4006332857391586
2016_1328_1462,0.554609490177504
2016_1328_1463,0.813993843903714
2016_1332_1333,0.7439011333471294
2016_1332_1338,0.34913126239503556
2016_1332_1344,0.6158490361537792
2016_1332_1345,0.5804088135815064
2016_1332_1355,0.8635367087086218
2016_1332_1371,0.6735970032299052
2016_1332_1372,0.7806765433545724
2016_1332_1380,0.9838815107912947
2016_1332_1386,0.7194377256945336
2016_1332_1392,0.86073924700484
2016_1332_1393,0.33053624661231507
2016_1332_1396,0.6196927239069454
2016_1332_1400,0.4936609318685221
2016_1332_1401,0.5456357868305071
2016_1332_1403,0.7477989753242833
2016_1332_1409,0.729484829204086
2016_1332_1421,0.9443906435341157
2016_1332_1423,0.9139488628627558
2016_1332_1425,0.6925367825042571
2016_1332_1428,0.6655505564576556
2016_1332_1433,0.5774791094771565
2016_1332_1435,0.6282309307877689
2016_1332_1437,0.3589588904119208
2016_1332_1438,0.3820262050690729
2016_1332_1451,0.7539060928236627
2016_1332_1452,0.5200373157362396
2016_1332_1453,0.8766871247789623
2016_1332_1455,0.5103492402221935
2016_1332_1458,0.39464449727780015
2016_1332_1462,0.5483641987975647
2016_1332_1463,0.8097117790984126
2016_1333_1338,0.14847710209096382
2016_1333_1344,0.3590636322268947
2016_1333_1345,0.32538592218276685
2016_1333_1355,0.6757655194264165
2016_1333_1371,0.4186109398656208
2016_1333_1372,0.5536414370643525
2016_1333_1380,0.9363040238611312
2016_1333_1386,0.4706540272492286
2016_1333_1392,0.6730212103201827
2016_1333_1393,0.13703358353958126
2016_1333_1396,0.36306895882951645
2016_1333_1400,0.2508582829035899
2016_1333_1401,0.2943555347440135
2016_1333_1403,0.5047723679597746
2016_1333_1409,0.4842511279253542
2016_1333_1421,0.8344760657460266
2016_1333_1423,0.764165031690983
2016_1333_1425,0.439349171171263
2016_1333_1428,0.41008572012774974
2016_1333_1433,0.3240922782196596
2016_1333_1435,0.3723357027918591
2016_1333_1437,0.15470064323571983
2016_1333_1438,0.16975896318462072
2016_1333_1451,0.5222868384748831
2016_1333_1452,0.27238868604433514
2016_1333_1453,0.6964327639563201
2016_1333_1455,0.26572123982591683
2016_1333_1458,0.17816780002154275
2016_1333_1462,0.2967479556590158
2016_1333_1463,0.5938250798022127
2016_1338_1344,0.7524760751614035
2016_1338_1345,0.7226393558026514
2016_1338_1355,0.9298934591357351
2016_1338_1371,0.7988175370243858
2016_1338_1372,0.8754784745418147
2016_1338_1380,0.9938962596400082
2016_1338_1386,0.8335734500915208
2016_1338_1392,0.9277576423553641
2016_1338_1393,0.4797569234197869
2016_1338_1396,0.7555350702794279
2016_1338_1400,0.6450774573643631
2016_1338_1401,0.6922539797179043
2016_1338_1403,0.8543472829382484
2016_1338_1409,0.840390011337414
2016_1338_1421,0.974981897491951
2016_1338_1423,0.9596987587699597
2016_1338_1425,0.8134803949356268
2016_1338_1428,0.792465097053981
2016_1338_1433,0.7193475535558631
2016_1338_1435,0.762159161627759
2016_1338_1437,0.510518924116085
2016_1338_1438,0.5347729806961576
2016_1338_1451,0.8554071741480038
2016_1338_1452,0.6693657288989336
2016_1338_1453,0.9381670212636242
2016_1338_1455,0.6596231826763251
2016_1338_1458,0.5478794299609535
2016_1338_1462,0.6946628572417426
2016_1338_1463,0.8952449341602139
2016_1344_1345,0.4634648108622787
2016_1344_1355,0.7906577780145541
2016_1344_1371,0.5617523187272832
2016_1344_1372,0.6869246297972513
2016_1344_1380,0.9688780713642985
2016_1344_1386,0.6129357413240557
2016_1344_1392,0.7876473297287176
2016_1344_1393,0.2317563325463009
2016_1344_1396,0.5041318663670247
2016_1344_1400,0.37801163360480594
2016_1344_1401,0.4286166097228165
2016_1344_1403,0.6454394713199323
2016_1344_1409,0.6250957148654785
2016_1344_1421,0.9055854817461634
2016_1344_1423,0.8589316776668368
2016_1344_1425,0.5825613529376553
2016_1344_1428,0.5530417348922323
2016_1344_1433,0.4611849093804539
2016_1344_1435,0.5134826620475934
2016_1344_1437,0.2559652155673021
2016_1344_1438,0.27605023281921476
2016_1344_1451,0.6566675619529037
2016_1344_1452,0.4034089020011174
2016_1344_1453,0.8076248012068735
2016_1344_1455,0.3947361355105759
2016_1344_1458,0.28713956325637696
2016_1344_1462,0.4313294859714504
2016_1344_1463,0.7222724348514815
2016_1345_1355,0.8155090725011251
2016_1345_1371,0.5975862591115007
2016_1345_1372,0.7179212283951942
2016_1345_1380,0.9744738341403315
2016_1345_1386,0.6475117178740943
2016_1345_1392,0.8125270860840764
2016_1345_1393,0.2606055289656795
2016_1345_1396,0.5406138410767134
2016_1345_1400,0.4133312021385942
2016_1345_1401,0.46484380894662475
2016_1345_1403,0.6789601939366164
2016_1345_1409,0.6590821271302345
2016_1345_1421,0.9193943735955412
2016_1345_1423,0.8781874055652042
2016_1345_1425,0.617986576801991
2016_1345_1428,0.5890072931822508
2016_1345_1433,0.49749211364998985
2016_1345_1435,0.549791414112518
2016_1345_1437,0.286294822280727
2016_1345_1438,0.3074626985139943
2016_1345_1451,0.688529548906065
2016_1345_1452,0.4392739813222929
2016_1345_1453,0.8313250756256358
2016_1345_1455,0.43020623618535636
2016_1345_1458,0.31911626153043
2016_1345_1462,0.4675873738100528
2016_1345_1463,0.7514680895900683
2016_1355_1371,0.25572420309669414
2016_1355_1372,0.37696696949900704
2016_1355_1380,0.856174201292553
2016_1355_1386,0.29894845022945776
2016_1355_1392,0.4984358991841047
2016_1355_1393,0.06368079362215014
2016_1355_1396,0.21247607106922164
2016_1355_1400,0.13293084112847922
2016_1355_1401,0.16250651767310326
2016_1355_1403,0.3284015842952957
2016_1355_1409,0.31157706513024974
2016_1355_1421,0.6982138624452873
2016_1355_1423,0.600399394270432
2016_1355_1425,0.2725251308540175
2016_1355_1428,0.24896629294388326
2016_1355_1433,0.18421177514675297
2016_1355_1435,0.2199148377309301
2016_1355_1437,0.07366239670399256
2016_1355_1438,0.08242875756860046
2016_1355_1451,0.3501547337684976
2016_1355_1452,0.14733311821261125
2016_1355_1453,0.5216286364446447
2016_1355_1455,0.14340855662537128
2016_1355_1458,0.08738629794592562
2016_1355_1462,0.16418235380671417
2016_1355_1463,0.41564843941462465
2016_1371_1372,0.6313174411920538
2016_1371_1380,0.9570713637320954
2016_1371_1386,0.5523652717411482
2016_1371_1392,0.7413055143608669
2016_1371_1393,0.18722820317130418
2016_1371_1396,0.44238953115755303
2016_1371_1400,0.3205770445782956
2016_1371_1401,0.3687395546828387
2016_1371_1403,0.5860793464969956
2016_1371_1409,0.5653324064372115
2016_1371_1421,0.878284271913391
2016_1371_1423,0.8217522813154376
2016_1371_1425,0.5211071878131301
2016_1371_1428,0.49123328549115436
2016_1371_1433,0.4005514315249038
2016_1371_1435,0.4518532935555967
2016_1371_1437,0.20870363755903215
2016_1371_1438,0.22672835496757449
2016_1371_1451,0.6001235862200589
2016_1371_1452,0.3446058957807225
2016_1371_1453,0.7630327094944057
2016_1371_1455,0.33672839433567453
2016_1371_1458,0.2367287710840215
2016_1371_1462,0.37135016276778465
2016_1371_1463,0.6692356656400635
2016_1372_1380,0.9137989923427857
2016_1372_1386,0.4181611654790191
2016_1372_1392,0.6206426276623376
2016_1372_1393,0.1146417129474209
2016_1372_1396,0.3168202992411276
2016_1372_1400,0.21460969755299192
2016_1372_1401,0.25381820188137927
2016_1372_1403,0.45096204408823165
2016_1372_1409,0.4315226292229611
2016_1372_1421,0.7947152595126357
2016_1372_1423,0.7156486032817315
2016_1372_1425,0.3882607335156407
2016_1372_1428,0.36068291102357486
2016_1372_1433,0.2811094917310638
2016_1372_1435,0.3255462663904501
2016_1372_1437,0.129913835109631
2016_1372_1438,0.14301232762628716
2016_1372_1451,0.4699406266719174
2016_1372_1452,0.23393974838352072
2016_1372_1453,0.6441128243866652
2016_1372_1455,0.22812836368065156
2016_1372_1458,0.15034650291200002
2016_1372_1462,0.25599080006627456
2016_1372_1463,0.5399112806479277
2016_1380_1386,0.05563518761901157
2016_1380_1392,0.14467010479012885
2016_1380_1393,0.0053269713913569675
2016_1380_1396,0.03192317682947519
2016_1380_1400,0.01547138537162013
2016_1380_1401,0.021009428935674798
2016_1380_1403,0.06506221388649662
2016_1380_1409,0.060325811352801954
2016_1380_1421,0.29736778352906024
2016_1380_1423,0.2044872576039584
2016_1380_1425,0.04759239410039786
2016_1380_1428,0.04114133094323891
2016_1380_1433,0.025785426351182444
2016_1380_1435,0.033932999015206376
2016_1380_1437,0.006551116815985555
2016_1380_1438,0.00770315922562662
2016_1380_1451,0.0776616347475115
2016_1380_1452,0.018067131845644246
2016_1380_1453,0.15462441249192801
2016_1380_1455,0.017584485351925267
2016_1380_1458,0.008373815834166685
2016_1380_1462,0.021344958010112342
2016_1380_1463,0.10251134326643689
2016_1386_1392,0.6982074801482197
2016_1386_1393,0.15407944255681905
2016_1386_1396,0.39113439188409677
2016_1386_1400,0.275095676060986
2016_1386_1401,0.3204022084604375
2016_1386_1403,0.5341075880353542
2016_1386_1409,0.513422692190548
2016_1386_1421,0.8510434187300315
2016_1386_1423,0.7857151768875767
2016_1386_1425,0.4685876730263542
2016_1386_1428,0.43898927589868264
2016_1386_1433,0.3509915446602952
2016_1386_1435,0.40050904707330565
2016_1386_1437,0.17311941049720225
2016_1386_1438,0.18925649397941663
2016_1386_1451,0.5504219772116387
2016_1386_1452,0.29758633327697653
2016_1386_1453,0.7210925881019671
2016_1386_1455,0.29047283138823854
2016_1386_1458,0.19824639658417784
2016_1386_1462,0.32288097325070997
2016_1386_1463,0.6213456548299059
2016_1392_1393,0.06571463209868948
2016_1392_1396,0.21548317248926632
2016_1392_1400,0.13571015069019002
2016_1392_1401,0.16542586750281613
2016_1392_1403,0.33112798603795646
2016_1392_1409,0.3143478209895573
2016_1392_1421,0.6982480995650622
2016_1392_1423,0.6011689077372193
2016_1392_1425,0.27545879296659925
2016_1392_1428,0.25194652745813445
2016_1392_1433,0.18716577111741683
2016_1392_1435,0.2229074782314769
2016_1392_1437,0.07585043859926766
2016_1392_1438,0.08473475074698475
2016_1392_1451,0.3526414787980379
2016_1392_1452,0.15019196135144527
2016_1392_1453,0.5230336528117266
2016_1392_1455,0.1462193887083789
2016_1392_1458,0.08975497829647515
2016_1392_1462,0.16710732082110857
2016_1392_1463,0.41780463342188595
2016_1393_1396,0.7711794174219728
2016_1393_1400,0.6638041031928803
2016_1393_1401,0.7098711282295337
2016_1393_1403,0.8656441645179609
2016_1393_1409,0.8523249640204531
2016_1393_1421,0.9776629788266321
2016_1393_1423,0.9638477598272711
2016_1393_1425,0.8267945192990263
2016_1393_1428,0.8066810756303101
2016_1393_1433,0.7361045620395483
2016_1393_1435,0.7775148300681215
2016_1393_1437,0.5307386529222029
2016_1393_1438,0.5548827659143625
2016_1393_1451,0.8662349396691345
2016_1393_1452,0.6875654287014074
2016_1393_1453,0.9440221782961176
2016_1393_1455,0.6779292023861128
2016_1393_1458,0.5679089787710483
2016_1393_1462,0.7122148245059078
2016_1393_1463,0.9039562694161094
2016_1396_1400,0.3741899971630217
2016_1396_1401,0.42462263939868894
2016_1396_1403,0.6414461048952644
2016_1396_1409,0.6210783877572872
2016_1396_1421,0.9037354156352264
2016_1396_1423,0.8564142238289044
2016_1396_1425,0.5784362903904059
2016_1396_1428,0.5488975058505987
2016_1396_1433,0.45713468542134555
2016_1396_1435,0.5093568991778403
2016_1396_1437,0.2528435510885359
2016_1396_1438,0.27278791058199064
2016_1396_1451,0.6528639253189489
2016_1396_1452,0.3994912470933506
2016_1396_1453,0.8046100837685335
2016_1396_1455,0.39087315214410995
2016_1396_1458,0.28380277324957487
2016_1396_1462,0.42732819465474764
2016_1396_1463,0.7186965881206915
2016_1400_1401,0.5519602180651424
2016_1400_1403,0.7530014821472604
2016_1400_1409,0.734826053324086
2016_1400_1421,0.9461737835092169
2016_1400_1423,0.916530603016988
2016_1400_1425,0.6982312884432565
2016_1400_1428,0.6714256893492435
2016_1400_1433,0.583709072598523
2016_1400_1435,0.6342902549158769
2016_1400_1437,0.3648131144392901
2016_1400_1438,0.3880116946418469
2016_1400_1451,0.7588463135108401
2016_1400_1452,0.5263847510071903
2016_1400_1453,0.8800085116548064
2016_1400_1455,0.5166568398049445
2016_1400_1458,0.400695620133751
2016_1400_1462,0.554684744238543
2016_1400_1463,0.814057927755906
2016_1401_1403,0.7098097298140278
2016_1401_1409,0.6905342631925651
2016_1401_1421,0.9310967876595958
2016_1401_1423,0.8947860737975781
2016_1401_1425,0.6511071986226504
2016_1401_1428,0.6228772425109876
2016_1401_1433,0.5324499250203534
2016_1401_1435,0.5843145876980348
2016_1401_1437,0.31710353351020315
2016_1401_1438,0.3391837743570047
2016_1401_1451,0.7178291359681068
2016_1401_1452,0.47429533621842485
2016_1401_1453,0.8521603727307797
2016_1401_1455,0.46491498457599023
2016_1401_1458,0.3513057568650713
2016_1401_1462,0.5027500451331952
2016_1401_1463,0.7778335328835215
2016_1403_1409,0.4795129507389953
2016_1403_1421,0.8317081616025781
2016_1403_1423,0.7605859693510071
2016_1403_1425,0.4346164784546743
2016_1403_1428,0.4054180179224763
2016_1403_1433,0.3197789580095785
2016_1403_1435,0.367799713904497
2016_1403_1437,0.15179988731024624
2016_1403_1438,0.1666821334791561
2016_1403_1451,0.517704572792522
2016_1403_1452,0.268367523438843
2016_1403_1453,0.6923615572472497
2016_1403_1455,0.26177341220977196
2016_1403_1458,0.17499592657060326
2016_1403_1462,0.29256796421286974
2016_1403_1463,0.5893185515683875
2016_1409_1421,0.8421215042531417
2016_1409_1423,0.7744844718714967
2016_1409_1425,0.45540038460106746
2016_1409_1428,0.42612653764926683
2016_1409_1433,0.33951082663003945
2016_1409_1435,0.3881919619914442
2016_1409_1437,0.16608549328098035
2016_1409_1438,0.1817145938276518
2016_1409_1451,0.5372695140838186
2016_1409_1452,0.2871379893603947
2016_1409_1453,0.7086546531977224
2016_1409_1455,0.2802428067326881
2016_1409_1458,0.19042765918120458
2016_1409_1462,0.3118936982706213
2016_1409_1463,0.6080814521733342
2016_1421_1423,0.39114977984950977
2016_1421_1425,0.1320219106268024
2016_1421_1428,0.11766454967852069
2016_1421_1433,0.08083113242375226
2016_1421_1435,0.10077365783969625
2016_1421_1437,0.02652878894421116
2016_1421_1438,0.030327078229587235
2016_1421_1451,0.187760882767346
2016_1421_1452,0.06104053514340001
2016_1421_1453,0.3193462384517733
2016_1421_1455,0.05936113370062282
2016_1421_1458,0.032503550593888667
2016_1421_1462,0.06978460572296968
2016_1421_1463,0.2341326886302036
2016_1423_1425,0.1920424875556287
2016_1423_1428,0.17277230333937496
2016_1423_1433,0.12191880443741311
2016_1423_1435,0.14965468189829187
2016_1423_1437,0.0426254035726791
2016_1423_1438,0.0484309716799617
2016_1423_1451,0.26155897584260324
2016_1423_1452,0.09394421416829812
2016_1423_1453,0.42025793033017245
2016_1423_1455,0.09134785129588029
2016_1423_1458,0.051742999773550534
2016_1423_1462,0.10646998085260255
2016_1423_1463,0.3196449627557329
2016_1425_1428,0.47014938575912424
2016_1425_1433,0.38029769895066723
2016_1425_1435,0.43101972990882353
2016_1425_1437,0.19371264853318293
2016_1425_1438,0.21099414535043745
2016_1425_1451,0.5803669711262651
2016_1425_1452,0.32523143905512136
2016_1425_1453,0.7467883853325754
2016_1425_1455,0.3176500312008451
2016_1425_1458,0.2205984454269274
2016_1425_1462,0.3514568294989235
2016_1425_1463,0.6503927782885504
2016_1428_1433,0.40907023870694953
2016_1428_1435,0.4605588970540229
2016_1428_1437,0.21518951416369994
2016_1428_1438,0.23351464108055575
2016_1428_1451,0.6082298981605089
2016_1428_1452,0.35281643323414474
2016_1428_1453,0.769546365864932
2016_1428_1455,0.34482119960869245
2016_1428_1458,0.2436744620175773
2016_1428_1462,0.3797501094921831
2016_1428_1463,0.6768965262553042
2016_1433_1435,0.5519764879975342
2016_1433_1437,0.28958244759316537
2016_1433_1438,0.3107280535087294
2016_1433_1451,0.6897107955630541
2016_1433_1452,0.44211379351653973
2016_1433_1453,0.8314944934254642
2016_1433_1455,0.43306910745119354
2016_1433_1458,0.3223648501060897
2016_1433_1462,0.47027866319165745
2016_1433_1463,0.7521938561486285
2016_1435_1437,0.24607165322672714
2016_1435_1438,0.26568168676314075
2016_1435_1451,0.644046096222848
2016_1435_1452,0.39076093264558137
2016_1435_1453,0.7974277062741388
2016_1435_1455,0.38227560160569757
2016_1435_1458,0.27651854513012286
2016_1435_1462,0.41837065452788597
2016_1435_1463,0.71031502144508
2016_1437_1438,0.5242834094043864
2016_1437_1451,0.8495244053975012
2016_1437_1452,0.6597256637445859
2016_1437_1453,0.934916666104602
2016_1437_1455,0.6499392321228875
2016_1437_1458,0.5374166179126173
2016_1437_1462,0.6853371846281779
2016_1437_1463,0.8904696995094991
2016_1438_1451,0.8353031757156061
2016_1438_1452,0.637045614147093
2016_1438_1453,0.9268764093781823
2016_1438_1455,0.6271860572071991
2016_1438_1458,0.5131584811237142
2016_1438_1462,0.6633251279158185
2016_1438_1463,0.8788161307236247
2016_1451_1452,0.26144844493945557
2016_1451_1453,0.6702385765331338
2016_1451_1455,0.2551781542536145
2016_1451_1458,0.17263402442509024
2016_1451_1462,0.2844288420482182
2016_1451_1463,0.5691906309135986
2016_1452_1453,0.8664833327666126
2016_1452_1455,0.490424775716292
2016_1452_1458,0.37538064998438964
2016_1452_1462,0.5284488925067518
2016_1452_1463,0.7962682017267855
2016_1453_1455,0.1299129355392958
2016_1453_1458,0.07768072304091521
2016_1453_1462,0.14942504297825077
2016_1453_1463,0.39417647664050176
2016_1455_1458,0.3852691614257627
2016_1455_1462,0.5378063918770692
2016_1455_1463,0.8014588122825256
2016_1458_1462,0.6512379761249614
2016_1458_1463,0.8722705650750505
2016_1462_1463,0.7758120522708203
